<?xml version="1.0" encoding="UTF-8"?>
<Package xmlns="http://soap.sforce.com/2006/04/metadata">
    <types>
        <members>PropertyController</members>
		<members>PropertyPagedResult</members>
        <name>ApexClass</name>
    </types>
    <types>
        <members>EinsteinVisionEvent</members>
        <members>PropertyPageChange</members>
        <members>PropertyPaginator</members>
        <members>PropertyTile</members>
        <members>PropertyTileList</members>
        <members>RangeChange</members>
        <members>PictureGalleryCard</members>
		<members>PictureCarousel</members>
        <members>PropertyMap</members>
        <members>PropertyMapCard</members>
		<members>PropertySummary</members>
		<members>PriceRange</members>
        <name>AuraDefinitionBundle</name>
    </types>
    <version>32.0</version>
</Package>
